lig1,lig2,Label,Label1,Label2,dir_1,dir_2,pred_delta_pIC50
alpha1A_epi,alpha1A_epi,0.0,0.0,0.0,/home/user/PBCNet2.0/case/adr_selectivity/alpha1A_epi/epinephrine.pkl,/home/user/PBCNet2.0/case/adr_selectivity/alpha1A_epi/epinephrine.pkl,-0.0797319114208221
alpha1A_epi,alpha1A_norepi,0.0,0.0,0.0,/home/user/PBCNet2.0/case/adr_selectivity/alpha1A_epi/epinephrine.pkl,/home/user/PBCNet2.0/case/adr_selectivity/alpha1A_norepi/norepinephrine.pkl,0.8362807035446167
alpha1A_epi,alpha2A_norepi,0.0,0.0,0.0,/home/user/PBCNet2.0/case/adr_selectivity/alpha1A_epi/epinephrine.pkl,/home/user/PBCNet2.0/case/adr_selectivity/alpha2A_norepi/norepinephrine.pkl,1.011742115020752
alpha1A_epi,beta1_epi,0.0,0.0,0.0,/home/user/PBCNet2.0/case/adr_selectivity/alpha1A_epi/epinephrine.pkl,/home/user/PBCNet2.0/case/adr_selectivity/beta1_epi/epinephrine.pkl,-0.8165876269340515
alpha1A_epi,beta1_norepi,0.0,0.0,0.0,/home/user/PBCNet2.0/case/adr_selectivity/alpha1A_epi/epinephrine.pkl,/home/user/PBCNet2.0/case/adr_selectivity/beta1_norepi/norepinephrine.pkl,0.1296737343072891
alpha1A_epi,beta2_epi,0.0,0.0,0.0,/home/user/PBCNet2.0/case/adr_selectivity/alpha1A_epi/epinephrine.pkl,/home/user/PBCNet2.0/case/adr_selectivity/beta2_epi/epinephrine.pkl,-0.6247363686561584
alpha1A_epi,beta3_epi,0.0,0.0,0.0,/home/user/PBCNet2.0/case/adr_selectivity/alpha1A_epi/epinephrine.pkl,/home/user/PBCNet2.0/case/adr_selectivity/beta3_epi/epinephrine.pkl,0.3089382648468017
alpha1A_epi,alpha2A_epi_docked,0.0,0.0,0.0,/home/user/PBCNet2.0/case/adr_selectivity/alpha1A_epi/epinephrine.pkl,/home/user/PBCNet2.0/case/adr_selectivity/alpha2A_docked_ref/epinephrine.pkl,-0.3927721977233886
alpha1A_epi,alpha2A_norepi_docked,0.0,0.0,0.0,/home/user/PBCNet2.0/case/adr_selectivity/alpha1A_epi/epinephrine.pkl,/home/user/PBCNet2.0/case/adr_selectivity/alpha2A_docked_ref/norepinephrine.pkl,0.9898504018783568
alpha1A_norepi,alpha1A_epi,0.0,0.0,0.0,/home/user/PBCNet2.0/case/adr_selectivity/alpha1A_norepi/norepinephrine.pkl,/home/user/PBCNet2.0/case/adr_selectivity/alpha1A_epi/epinephrine.pkl,-0.843644380569458
alpha1A_norepi,alpha1A_norepi,0.0,0.0,0.0,/home/user/PBCNet2.0/case/adr_selectivity/alpha1A_norepi/norepinephrine.pkl,/home/user/PBCNet2.0/case/adr_selectivity/alpha1A_norepi/norepinephrine.pkl,-0.0797319114208221
alpha1A_norepi,alpha2A_norepi,0.0,0.0,0.0,/home/user/PBCNet2.0/case/adr_selectivity/alpha1A_norepi/norepinephrine.pkl,/home/user/PBCNet2.0/case/adr_selectivity/alpha2A_norepi/norepinephrine.pkl,0.5402921438217163
alpha1A_norepi,beta1_epi,0.0,0.0,0.0,/home/user/PBCNet2.0/case/adr_selectivity/alpha1A_norepi/norepinephrine.pkl,/home/user/PBCNet2.0/case/adr_selectivity/beta1_epi/epinephrine.pkl,-1.0040181875228882
alpha1A_norepi,beta1_norepi,0.0,0.0,0.0,/home/user/PBCNet2.0/case/adr_selectivity/alpha1A_norepi/norepinephrine.pkl,/home/user/PBCNet2.0/case/adr_selectivity/beta1_norepi/norepinephrine.pkl,-0.341657817363739
alpha1A_norepi,beta2_epi,0.0,0.0,0.0,/home/user/PBCNet2.0/case/adr_selectivity/alpha1A_norepi/norepinephrine.pkl,/home/user/PBCNet2.0/case/adr_selectivity/beta2_epi/epinephrine.pkl,-0.9106818437576294
alpha1A_norepi,beta3_epi,0.0,0.0,0.0,/home/user/PBCNet2.0/case/adr_selectivity/alpha1A_norepi/norepinephrine.pkl,/home/user/PBCNet2.0/case/adr_selectivity/beta3_epi/epinephrine.pkl,-0.3780091404914856
alpha1A_norepi,alpha2A_epi_docked,0.0,0.0,0.0,/home/user/PBCNet2.0/case/adr_selectivity/alpha1A_norepi/norepinephrine.pkl,/home/user/PBCNet2.0/case/adr_selectivity/alpha2A_docked_ref/epinephrine.pkl,-0.7024324536323547
alpha1A_norepi,alpha2A_norepi_docked,0.0,0.0,0.0,/home/user/PBCNet2.0/case/adr_selectivity/alpha1A_norepi/norepinephrine.pkl,/home/user/PBCNet2.0/case/adr_selectivity/alpha2A_docked_ref/norepinephrine.pkl,0.5224477052688599
alpha2A_norepi,alpha1A_epi,0.0,0.0,0.0,/home/user/PBCNet2.0/case/adr_selectivity/alpha2A_norepi/norepinephrine.pkl,/home/user/PBCNet2.0/case/adr_selectivity/alpha1A_epi/epinephrine.pkl,-1.09400737285614
alpha2A_norepi,alpha1A_norepi,0.0,0.0,0.0,/home/user/PBCNet2.0/case/adr_selectivity/alpha2A_norepi/norepinephrine.pkl,/home/user/PBCNet2.0/case/adr_selectivity/alpha1A_norepi/norepinephrine.pkl,-0.4648827910423279
alpha2A_norepi,alpha2A_norepi,0.0,0.0,0.0,/home/user/PBCNet2.0/case/adr_selectivity/alpha2A_norepi/norepinephrine.pkl,/home/user/PBCNet2.0/case/adr_selectivity/alpha2A_norepi/norepinephrine.pkl,-0.0797319114208221
alpha2A_norepi,beta1_epi,0.0,0.0,0.0,/home/user/PBCNet2.0/case/adr_selectivity/alpha2A_norepi/norepinephrine.pkl,/home/user/PBCNet2.0/case/adr_selectivity/beta1_epi/epinephrine.pkl,-1.419331669807434
alpha2A_norepi,beta1_norepi,0.0,0.0,0.0,/home/user/PBCNet2.0/case/adr_selectivity/alpha2A_norepi/norepinephrine.pkl,/home/user/PBCNet2.0/case/adr_selectivity/beta1_norepi/norepinephrine.pkl,-0.9032647013664246
alpha2A_norepi,beta2_epi,0.0,0.0,0.0,/home/user/PBCNet2.0/case/adr_selectivity/alpha2A_norepi/norepinephrine.pkl,/home/user/PBCNet2.0/case/adr_selectivity/beta2_epi/epinephrine.pkl,-1.3889023065567017
alpha2A_norepi,beta3_epi,0.0,0.0,0.0,/home/user/PBCNet2.0/case/adr_selectivity/alpha2A_norepi/norepinephrine.pkl,/home/user/PBCNet2.0/case/adr_selectivity/beta3_epi/epinephrine.pkl,-0.6812235713005066
alpha2A_norepi,alpha2A_epi_docked,0.0,0.0,0.0,/home/user/PBCNet2.0/case/adr_selectivity/alpha2A_norepi/norepinephrine.pkl,/home/user/PBCNet2.0/case/adr_selectivity/alpha2A_docked_ref/epinephrine.pkl,-1.0649863481521606
alpha2A_norepi,alpha2A_norepi_docked,0.0,0.0,0.0,/home/user/PBCNet2.0/case/adr_selectivity/alpha2A_norepi/norepinephrine.pkl,/home/user/PBCNet2.0/case/adr_selectivity/alpha2A_docked_ref/norepinephrine.pkl,-0.3200021088123321
beta1_epi,alpha1A_epi,0.0,0.0,0.0,/home/user/PBCNet2.0/case/adr_selectivity/beta1_epi/epinephrine.pkl,/home/user/PBCNet2.0/case/adr_selectivity/alpha1A_epi/epinephrine.pkl,0.8906676173210144
beta1_epi,alpha1A_norepi,0.0,0.0,0.0,/home/user/PBCNet2.0/case/adr_selectivity/beta1_epi/epinephrine.pkl,/home/user/PBCNet2.0/case/adr_selectivity/alpha1A_norepi/norepinephrine.pkl,1.1852177381515503
beta1_epi,alpha2A_norepi,0.0,0.0,0.0,/home/user/PBCNet2.0/case/adr_selectivity/beta1_epi/epinephrine.pkl,/home/user/PBCNet2.0/case/adr_selectivity/alpha2A_norepi/norepinephrine.pkl,1.4007796049118042
beta1_epi,beta1_epi,0.0,0.0,0.0,/home/user/PBCNet2.0/case/adr_selectivity/beta1_epi/epinephrine.pkl,/home/user/PBCNet2.0/case/adr_selectivity/beta1_epi/epinephrine.pkl,-0.0797041282057762
beta1_epi,beta1_norepi,0.0,0.0,0.0,/home/user/PBCNet2.0/case/adr_selectivity/beta1_epi/epinephrine.pkl,/home/user/PBCNet2.0/case/adr_selectivity/beta1_norepi/norepinephrine.pkl,1.7434364557266235
beta1_epi,beta2_epi,0.0,0.0,0.0,/home/user/PBCNet2.0/case/adr_selectivity/beta1_epi/epinephrine.pkl,/home/user/PBCNet2.0/case/adr_selectivity/beta2_epi/epinephrine.pkl,0.6947222948074341
beta1_epi,beta3_epi,0.0,0.0,0.0,/home/user/PBCNet2.0/case/adr_selectivity/beta1_epi/epinephrine.pkl,/home/user/PBCNet2.0/case/adr_selectivity/beta3_epi/epinephrine.pkl,1.1030981540679932
beta1_epi,alpha2A_epi_docked,0.0,0.0,0.0,/home/user/PBCNet2.0/case/adr_selectivity/beta1_epi/epinephrine.pkl,/home/user/PBCNet2.0/case/adr_selectivity/alpha2A_docked_ref/epinephrine.pkl,0.0870734304189682
beta1_epi,alpha2A_norepi_docked,0.0,0.0,0.0,/home/user/PBCNet2.0/case/adr_selectivity/beta1_epi/epinephrine.pkl,/home/user/PBCNet2.0/case/adr_selectivity/alpha2A_docked_ref/norepinephrine.pkl,1.3821964263916016
beta1_norepi,alpha1A_epi,0.0,0.0,0.0,/home/user/PBCNet2.0/case/adr_selectivity/beta1_norepi/norepinephrine.pkl,/home/user/PBCNet2.0/case/adr_selectivity/alpha1A_epi/epinephrine.pkl,-0.2144617438316345
beta1_norepi,alpha1A_norepi,0.0,0.0,0.0,/home/user/PBCNet2.0/case/adr_selectivity/beta1_norepi/norepinephrine.pkl,/home/user/PBCNet2.0/case/adr_selectivity/alpha1A_norepi/norepinephrine.pkl,0.5276854038238525
beta1_norepi,alpha2A_norepi,0.0,0.0,0.0,/home/user/PBCNet2.0/case/adr_selectivity/beta1_norepi/norepinephrine.pkl,/home/user/PBCNet2.0/case/adr_selectivity/alpha2A_norepi/norepinephrine.pkl,0.7883062958717346
beta1_norepi,beta1_epi,0.0,0.0,0.0,/home/user/PBCNet2.0/case/adr_selectivity/beta1_norepi/norepinephrine.pkl,/home/user/PBCNet2.0/case/adr_selectivity/beta1_epi/epinephrine.pkl,-1.7070999145507812
beta1_norepi,beta1_norepi,0.0,0.0,0.0,/home/user/PBCNet2.0/case/adr_selectivity/beta1_norepi/norepinephrine.pkl,/home/user/PBCNet2.0/case/adr_selectivity/beta1_norepi/norepinephrine.pkl,-0.0797319114208221
beta1_norepi,beta2_epi,0.0,0.0,0.0,/home/user/PBCNet2.0/case/adr_selectivity/beta1_norepi/norepinephrine.pkl,/home/user/PBCNet2.0/case/adr_selectivity/beta2_epi/epinephrine.pkl,-0.9126033186912536
beta1_norepi,beta3_epi,0.0,0.0,0.0,/home/user/PBCNet2.0/case/adr_selectivity/beta1_norepi/norepinephrine.pkl,/home/user/PBCNet2.0/case/adr_selectivity/beta3_epi/epinephrine.pkl,0.1343889385461807
beta1_norepi,alpha2A_epi_docked,0.0,0.0,0.0,/home/user/PBCNet2.0/case/adr_selectivity/beta1_norepi/norepinephrine.pkl,/home/user/PBCNet2.0/case/adr_selectivity/alpha2A_docked_ref/epinephrine.pkl,-0.4460504651069641
beta1_norepi,alpha2A_norepi_docked,0.0,0.0,0.0,/home/user/PBCNet2.0/case/adr_selectivity/beta1_norepi/norepinephrine.pkl,/home/user/PBCNet2.0/case/adr_selectivity/alpha2A_docked_ref/norepinephrine.pkl,0.77178955078125
beta2_epi,alpha1A_epi,0.0,0.0,0.0,/home/user/PBCNet2.0/case/adr_selectivity/beta2_epi/epinephrine.pkl,/home/user/PBCNet2.0/case/adr_selectivity/alpha1A_epi/epinephrine.pkl,0.6994961500167847
beta2_epi,alpha1A_norepi,0.0,0.0,0.0,/home/user/PBCNet2.0/case/adr_selectivity/beta2_epi/epinephrine.pkl,/home/user/PBCNet2.0/case/adr_selectivity/alpha1A_norepi/norepinephrine.pkl,1.1075398921966553
beta2_epi,alpha2A_norepi,0.0,0.0,0.0,/home/user/PBCNet2.0/case/adr_selectivity/beta2_epi/epinephrine.pkl,/home/user/PBCNet2.0/case/adr_selectivity/alpha2A_norepi/norepinephrine.pkl,1.4127466678619385
beta2_epi,beta1_epi,0.0,0.0,0.0,/home/user/PBCNet2.0/case/adr_selectivity/beta2_epi/epinephrine.pkl,/home/user/PBCNet2.0/case/adr_selectivity/beta1_epi/epinephrine.pkl,-0.5593547821044922
beta2_epi,beta1_norepi,0.0,0.0,0.0,/home/user/PBCNet2.0/case/adr_selectivity/beta2_epi/epinephrine.pkl,/home/user/PBCNet2.0/case/adr_selectivity/beta1_norepi/norepinephrine.pkl,0.9772851467132568
beta2_epi,beta2_epi,0.0,0.0,0.0,/home/user/PBCNet2.0/case/adr_selectivity/beta2_epi/epinephrine.pkl,/home/user/PBCNet2.0/case/adr_selectivity/beta2_epi/epinephrine.pkl,-0.0797319114208221
beta2_epi,beta3_epi,0.0,0.0,0.0,/home/user/PBCNet2.0/case/adr_selectivity/beta2_epi/epinephrine.pkl,/home/user/PBCNet2.0/case/adr_selectivity/beta3_epi/epinephrine.pkl,1.0055263042449951
beta2_epi,alpha2A_epi_docked,0.0,0.0,0.0,/home/user/PBCNet2.0/case/adr_selectivity/beta2_epi/epinephrine.pkl,/home/user/PBCNet2.0/case/adr_selectivity/alpha2A_docked_ref/epinephrine.pkl,-0.0661946162581443
beta2_epi,alpha2A_norepi_docked,0.0,0.0,0.0,/home/user/PBCNet2.0/case/adr_selectivity/beta2_epi/epinephrine.pkl,/home/user/PBCNet2.0/case/adr_selectivity/alpha2A_docked_ref/norepinephrine.pkl,1.388054609298706
beta3_epi,alpha1A_epi,0.0,0.0,0.0,/home/user/PBCNet2.0/case/adr_selectivity/beta3_epi/epinephrine.pkl,/home/user/PBCNet2.0/case/adr_selectivity/alpha1A_epi/epinephrine.pkl,-0.1940825879573822
beta3_epi,alpha1A_norepi,0.0,0.0,0.0,/home/user/PBCNet2.0/case/adr_selectivity/beta3_epi/epinephrine.pkl,/home/user/PBCNet2.0/case/adr_selectivity/alpha1A_norepi/norepinephrine.pkl,0.5875170230865479
beta3_epi,alpha2A_norepi,0.0,0.0,0.0,/home/user/PBCNet2.0/case/adr_selectivity/beta3_epi/epinephrine.pkl,/home/user/PBCNet2.0/case/adr_selectivity/alpha2A_norepi/norepinephrine.pkl,0.9337449073791504
beta3_epi,beta1_epi,0.0,0.0,0.0,/home/user/PBCNet2.0/case/adr_selectivity/beta3_epi/epinephrine.pkl,/home/user/PBCNet2.0/case/adr_selectivity/beta1_epi/epinephrine.pkl,-0.9232160449028016
beta3_epi,beta1_norepi,0.0,0.0,0.0,/home/user/PBCNet2.0/case/adr_selectivity/beta3_epi/epinephrine.pkl,/home/user/PBCNet2.0/case/adr_selectivity/beta1_norepi/norepinephrine.pkl,0.030084952712059
beta3_epi,beta2_epi,0.0,0.0,0.0,/home/user/PBCNet2.0/case/adr_selectivity/beta3_epi/epinephrine.pkl,/home/user/PBCNet2.0/case/adr_selectivity/beta2_epi/epinephrine.pkl,-0.8437036871910095
beta3_epi,beta3_epi,0.0,0.0,0.0,/home/user/PBCNet2.0/case/adr_selectivity/beta3_epi/epinephrine.pkl,/home/user/PBCNet2.0/case/adr_selectivity/beta3_epi/epinephrine.pkl,-0.0797437503933906
beta3_epi,alpha2A_epi_docked,0.0,0.0,0.0,/home/user/PBCNet2.0/case/adr_selectivity/beta3_epi/epinephrine.pkl,/home/user/PBCNet2.0/case/adr_selectivity/alpha2A_docked_ref/epinephrine.pkl,-0.4143382906913757
beta3_epi,alpha2A_norepi_docked,0.0,0.0,0.0,/home/user/PBCNet2.0/case/adr_selectivity/beta3_epi/epinephrine.pkl,/home/user/PBCNet2.0/case/adr_selectivity/alpha2A_docked_ref/norepinephrine.pkl,0.912922978401184
alpha2A_epi_docked,alpha1A_epi,0.0,0.0,0.0,/home/user/PBCNet2.0/case/adr_selectivity/alpha2A_docked_ref/epinephrine.pkl,/home/user/PBCNet2.0/case/adr_selectivity/alpha1A_epi/epinephrine.pkl,0.330388605594635
alpha2A_epi_docked,alpha1A_norepi,0.0,0.0,0.0,/home/user/PBCNet2.0/case/adr_selectivity/alpha2A_docked_ref/epinephrine.pkl,/home/user/PBCNet2.0/case/adr_selectivity/alpha1A_norepi/norepinephrine.pkl,0.7362921833992004
alpha2A_epi_docked,alpha2A_norepi,0.0,0.0,0.0,/home/user/PBCNet2.0/case/adr_selectivity/alpha2A_docked_ref/epinephrine.pkl,/home/user/PBCNet2.0/case/adr_selectivity/alpha2A_norepi/norepinephrine.pkl,1.0815006494522097
alpha2A_epi_docked,beta1_epi,0.0,0.0,0.0,/home/user/PBCNet2.0/case/adr_selectivity/alpha2A_docked_ref/epinephrine.pkl,/home/user/PBCNet2.0/case/adr_selectivity/beta1_epi/epinephrine.pkl,-0.095496542751789
alpha2A_epi_docked,beta1_norepi,0.0,0.0,0.0,/home/user/PBCNet2.0/case/adr_selectivity/alpha2A_docked_ref/epinephrine.pkl,/home/user/PBCNet2.0/case/adr_selectivity/beta1_norepi/norepinephrine.pkl,0.417525053024292
alpha2A_epi_docked,beta2_epi,0.0,0.0,0.0,/home/user/PBCNet2.0/case/adr_selectivity/alpha2A_docked_ref/epinephrine.pkl,/home/user/PBCNet2.0/case/adr_selectivity/beta2_epi/epinephrine.pkl,0.0767125189304351
alpha2A_epi_docked,beta3_epi,0.0,0.0,0.0,/home/user/PBCNet2.0/case/adr_selectivity/alpha2A_docked_ref/epinephrine.pkl,/home/user/PBCNet2.0/case/adr_selectivity/beta3_epi/epinephrine.pkl,0.5507055521011353
alpha2A_epi_docked,alpha2A_epi_docked,0.0,0.0,0.0,/home/user/PBCNet2.0/case/adr_selectivity/alpha2A_docked_ref/epinephrine.pkl,/home/user/PBCNet2.0/case/adr_selectivity/alpha2A_docked_ref/epinephrine.pkl,-0.0797319114208221
alpha2A_epi_docked,alpha2A_norepi_docked,0.0,0.0,0.0,/home/user/PBCNet2.0/case/adr_selectivity/alpha2A_docked_ref/epinephrine.pkl,/home/user/PBCNet2.0/case/adr_selectivity/alpha2A_docked_ref/norepinephrine.pkl,1.059818148612976
alpha2A_norepi_docked,alpha1A_epi,0.0,0.0,0.0,/home/user/PBCNet2.0/case/adr_selectivity/alpha2A_docked_ref/norepinephrine.pkl,/home/user/PBCNet2.0/case/adr_selectivity/alpha1A_epi/epinephrine.pkl,-1.0666970014572144
alpha2A_norepi_docked,alpha1A_norepi,0.0,0.0,0.0,/home/user/PBCNet2.0/case/adr_selectivity/alpha2A_docked_ref/norepinephrine.pkl,/home/user/PBCNet2.0/case/adr_selectivity/alpha1A_norepi/norepinephrine.pkl,-0.4414923191070556
alpha2A_norepi_docked,alpha2A_norepi,0.0,0.0,0.0,/home/user/PBCNet2.0/case/adr_selectivity/alpha2A_docked_ref/norepinephrine.pkl,/home/user/PBCNet2.0/case/adr_selectivity/alpha2A_norepi/norepinephrine.pkl,0.305877149105072
alpha2A_norepi_docked,beta1_epi,0.0,0.0,0.0,/home/user/PBCNet2.0/case/adr_selectivity/alpha2A_docked_ref/norepinephrine.pkl,/home/user/PBCNet2.0/case/adr_selectivity/beta1_epi/epinephrine.pkl,-1.3974430561065674
alpha2A_norepi_docked,beta1_norepi,0.0,0.0,0.0,/home/user/PBCNet2.0/case/adr_selectivity/alpha2A_docked_ref/norepinephrine.pkl,/home/user/PBCNet2.0/case/adr_selectivity/beta1_norepi/norepinephrine.pkl,-0.8871068954467773
alpha2A_norepi_docked,beta2_epi,0.0,0.0,0.0,/home/user/PBCNet2.0/case/adr_selectivity/alpha2A_docked_ref/norepinephrine.pkl,/home/user/PBCNet2.0/case/adr_selectivity/beta2_epi/epinephrine.pkl,-1.35937762260437
alpha2A_norepi_docked,beta3_epi,0.0,0.0,0.0,/home/user/PBCNet2.0/case/adr_selectivity/alpha2A_docked_ref/norepinephrine.pkl,/home/user/PBCNet2.0/case/adr_selectivity/beta3_epi/epinephrine.pkl,-0.6574460864067078
alpha2A_norepi_docked,alpha2A_epi_docked,0.0,0.0,0.0,/home/user/PBCNet2.0/case/adr_selectivity/alpha2A_docked_ref/norepinephrine.pkl,/home/user/PBCNet2.0/case/adr_selectivity/alpha2A_docked_ref/epinephrine.pkl,-1.0519614219665527
alpha2A_norepi_docked,alpha2A_norepi_docked,0.0,0.0,0.0,/home/user/PBCNet2.0/case/adr_selectivity/alpha2A_docked_ref/norepinephrine.pkl,/home/user/PBCNet2.0/case/adr_selectivity/alpha2A_docked_ref/norepinephrine.pkl,-0.0797319188714027
